SID,BETA,FLUX_BETA,PIVOT_BETA,REDSHIFT,A,SIGMA,FLUX_LA,EW_LA
2426_169_1,-3.800456019722997,193144170979.69995,2000,8.23,398942280401.43274,10,4968081643097.295,7.8083959646939025
2426_169_2,-3.013942178863926,193144170979.69995,2000,8.23,518624964521.86255,10,6458506136026.482,15.013900655605195
2426_169_3,-3.013942178863926,193144170979.69995,2000,8.23,638307648642.2924,10,7948930628955.672,18.478646960744857
2426_169_4,-3.013942178863926,193144170979.69995,2000,8.23,757990332762.7222,10,9439355121884.861,21.943393265884517
2426_169_5,-3.013942178863926,193144170979.69995,2000,8.23,877673016883.152,10,10929779614814.045,25.40813957102418
2426_169_6,-3.013942178863926,193144170979.69995,2000,8.23,997355701003.5818,10,12420204107743.236,28.872885876163842
2426_169_7,-3.013942178863926,193144170979.69995,2000,8.23,1117038385124.0117,10,13910628600672.426,32.3376321813035
2426_169_8,-3.013942178863926,193144170979.69995,2000,8.23,1236721069244.4414,10,15401053093601.613,35.80237848644316
2426_169_9,-3.013942178863926,193144170979.69995,2000,8.23,1356403753364.8713,10,16891477586530.8,39.267124791582816
2426_169_10,-3.013942178863926,193144170979.69995,2000,8.23,1476086437485.301,10,18381902079459.992,42.73187109672247
2426_169_11,-3.013942178863926,193144170979.69995,2000,8.23,1595769121605.731,10,19872326572389.18,46.19661740186214
2426_169_12,-3.013942178863926,193144170979.69995,2000,8.23,1715451805726.1606,10,21362751065318.363,49.6613637070018
2426_169_13,-3.013942178863926,193144170979.69995,2000,8.23,1835134489846.5906,10,22853175558247.555,53.12611001214145
2426_169_14,-3.013942178863926,193144170979.69995,2000,8.23,1954817173967.0205,10,24343600051176.746,56.59085631728111
2426_169_15,-3.013942178863926,193144170979.69995,2000,8.23,2074499858087.4502,10,25834024544105.93,60.05560262242078
2426_169_16,-3.013942178863926,193144170979.69995,2000,8.23,2194182542207.8801,10,27324449037035.12,63.52034892756045
2426_169_17,-3.013942178863926,193144170979.69995,2000,8.23,2313865226328.31,10,28814873529964.312,66.9850952327001
2426_169_18,-3.013942178863926,193144170979.69995,2000,8.23,2433547910448.7397,10,30305298022893.496,70.44984153783977
2426_169_19,-3.013942178863926,193144170979.69995,2000,8.23,2553230594569.1694,10,31795722515822.688,73.91458784297943
2426_169_20,-3.013942178863926,193144170979.69995,2000,8.23,2672913278689.599,10,33286147008751.87,77.37933414811907
2426_169_21,-3.013942178863926,193144170979.69995,2000,8.23,2792595962810.0293,10,34776571501681.066,80.84408045325875
2426_169_22,-3.013942178863926,193144170979.69995,2000,8.23,2912278646930.459,10,36266995994610.24,84.30882675839842
2426_169_23,-3.013942178863926,193144170979.69995,2000,8.23,3031961331050.8887,10,37757420487539.445,87.77357306353807
2426_169_24,-3.013942178863926,193144170979.69995,2000,8.23,3151644015171.3184,10,39247844980468.625,91.23831936867771
2426_169_25,-3.013942178863926,193144170979.69995,2000,8.23,3271326699291.7485,10,40738269473397.82,94.70306567381739
2426_169_26,-3.013942178863926,193144170979.69995,2000,8.23,3391009383412.178,10,42228693966327.01,98.16781197895703
2426_169_27,-3.013942178863926,193144170979.69995,2000,8.23,3510692067532.608,10,43719118459256.18,101.63255828409672
2426_169_28,-3.013942178863926,193144170979.69995,2000,8.23,3630374751653.038,10,45209542952185.39,105.09730458923637
2426_169_29,-3.013942178863926,193144170979.69995,2000,8.23,3750057435773.468,10,46699967445114.57,108.56205089437603
2426_169_30,-3.013942178863926,193144170979.69995,2000,8.23,3869740119893.8975,10,48190391938043.76,112.02679719951568
2426_169_32,-2.511528888710343,193144170979.69995,2000,8.23,1441075902644.3313,10,17945911200570.39,53.57010644144373
2426_169_33,-2.511528888710343,193144170979.69995,2000,8.23,1585183492908.7644,10,19740502320627.434,58.92711708558811
2426_169_34,-2.511528888710343,193144170979.69995,2000,8.23,1729291083173.1975,10,21535093440684.473,64.28412772973249
2426_169_35,-2.9708948365508965,193144170979.69995,2000,8.23,144107590264.43314,10,1794591120057.0398,4.2621749692813795
2426_169_36,-2.9708948365508965,193144170979.69995,2000,8.23,273804421502.42297,10,3409723128108.3755,8.098132441634622
2426_169_37,-2.9708948365508965,193144170979.69995,2000,8.23,403501252740.4128,10,5024855136159.711,11.934089913987863
2426_169_38,-2.9708948365508965,193144170979.69995,2000,8.23,533198083978.4025,10,6639987144211.045,15.770047386341101
2426_169_39,-2.9708948365508965,193144170979.69995,2000,8.23,662894915216.3925,10,8255119152262.384,19.606004858694345
2426_169_40,-2.9708948365508965,193144170979.69995,2000,8.23,792591746454.3822,10,9870251160313.717,23.441962331047584
2426_169_41,-2.9708948365508965,193144170979.69995,2000,8.23,922288577692.372,10,11485383168365.05,27.277919803400827
2426_169_42,-2.9708948365508965,193144170979.69995,2000,8.23,1051985408930.3617,10,13100515176416.387,31.113877275754067
2426_169_43,-2.9708948365508965,193144170979.69995,2000,8.23,1181682240168.3518,10,14715647184467.727,34.949834748107314
2426_169_44,-2.9708948365508965,193144170979.69995,2000,8.23,1311379071406.3416,10,16330779192519.059,38.78579222046055
2426_169_45,-2.9708948365508965,193144170979.69995,2000,8.23,1570772733882.321,10,19561043208621.73,46.45770716516703
2426_169_46,-2.9708948365508965,193144170979.69995,2000,8.23,1700469565120.3108,10,21176175216673.062,50.293664637520266
2426_169_47,-2.9708948365508965,193144170979.69995,2000,8.23,1830166396358.3005,10,22791307224724.402,54.12962210987351
2426_169_48,-2.9708948365508965,193144170979.69995,2000,8.23,1959863227596.2903,10,24406439232775.74,57.96557958222674
2426_169_49,-2.9708948365508965,193144170979.69995,2000,8.23,2089560058834.2805,10,26021571240827.08,61.80153705458001
2426_169_50,-2.9708948365508965,193144170979.69995,2000,8.23,2219256890072.2705,10,27636703248878.406,65.63749452693325
2426_169_51,-2.9708948365508965,193144170979.69995,2000,8.23,2348953721310.26,10,29251835256929.74,69.47345199928648
2426_169_52,-2.9708948365508965,193144170979.69995,2000,8.23,2478650552548.25,10,30866967264981.082,73.30940947163973
2426_169_53,-2.9708948365508965,193144170979.69995,2000,8.23,2608347383786.2393,10,32482099273032.41,77.14536694399297
2426_169_54,-2.9708948365508965,193144170979.69995,2000,8.23,2738044215024.2295,10,34097231281083.75,80.9813244163462
2426_169_55,-2.9708948365508965,193144170979.69995,2000,8.23,2867741046262.219,10,35712363289135.086,84.81728188869944
2426_169_56,-2.9708948365508965,193144170979.69995,2000,8.23,2997437877500.209,10,37327495297186.42,88.65323936105268
2426_169_57,-2.9708948365508965,193144170979.69995,2000,8.23,3127134708738.198,10,38942627305237.75,92.48919683340591
2426_169_58,-2.9708948365508965,193144170979.69995,2000,8.23,3256831539976.1885,10,40557759313289.086,96.32515430575916
2426_169_59,-2.9708948365508965,193144170979.69995,2000,8.23,3386528371214.178,10,42172891321340.42,100.1611117781124
2426_169_60,-2.9708948365508965,193144170979.69995,2000,8.23,3516225202452.168,10,43788023329391.76,103.99706925046564
2426_169_61,-2.9708948365508965,193144170979.69995,2000,8.23,3645922033690.1577,10,45403155337443.09,107.83302672281889
2426_169_62,-2.9708948365508965,193144170979.69995,2000,8.23,3775618864928.1475,10,47018287345494.43,111.66898419517211
2426_169_63,-2.9708948365508965,193144170979.69995,2000,8.23,3905315696166.137,10,48633419353545.76,115.50494166752534
1747_199_1,-2.7379663434140427,115542197827.17635,2000,8.316,26809590144.22551,10,333863415889.24023,1.4884077788442727
1747_199_2,-2.7379663434140427,115542197827.17635,2000,8.316,50938221274.028465,10,634340490189.5563,2.8279747798041184
1747_199_3,-2.7379663434140427,115542197827.17635,2000,8.316,75066852403.83144,10,934817564489.8728,4.1675417807639645
1747_199_4,-2.7379663434140427,115542197827.17635,2000,8.316,99195483533.63438,10,1235294638790.1887,5.50710878172381
1747_199_5,-2.7379663434140427,115542197827.17635,2000,8.316,123324114663.43736,10,1535771713090.5051,6.846675782683656
1747_199_6,-2.7379663434140427,115542197827.17635,2000,8.316,147452745793.2403,10,1836248787390.821,8.1862427836435
1747_199_7,-2.7379663434140427,115542197827.17635,2000,8.316,171581376923.04327,10,2136725861691.1375,9.525809784603346
1747_199_8,-2.7379663434140427,115542197827.17635,2000,8.316,195710008052.8462,10,2437202935991.453,10.86537678556319
1747_199_9,-2.7379663434140427,115542197827.17635,2000,8.316,219838639182.6492,10,2737680010291.77,12.204943786523039
1747_199_10,-2.7379663434140427,115542197827.17635,2000,8.316,243967270312.45215,10,3038157084592.0864,13.544510787482885
1747_199_11,-2.7379663434140427,115542197827.17635,2000,8.316,268095901442.2551,10,3338634158892.402,14.88407778844273
1747_199_12,-2.7379663434140427,115542197827.17635,2000,8.316,292224532572.05804,10,3639111233192.718,16.223644789402574
1747_199_13,-2.7379663434140427,115542197827.17635,2000,8.316,316353163701.861,10,3939588307493.0347,17.563211790362423
1747_199_14,-2.7379663434140427,115542197827.17635,2000,8.316,340481794831.664,10,4240065381793.351,18.902778791322266
1747_199_15,-2.7379663434140427,115542197827.17635,2000,8.316,364610425961.4669,10,4540542456093.666,20.242345792282112
1747_199_16,-2.7379663434140427,115542197827.17635,2000,8.316,388739057091.2699,10,4841019530393.982,21.58191279324196
1747_199_17,-2.7379663434140427,115542197827.17635,2000,8.316,412867688221.0729,10,5141496604694.3,22.9214797942018
1747_199_18,-2.7379663434140427,115542197827.17635,2000,8.316,436996319350.87573,10,5441973678994.615,24.261046795161647
1747_199_19,-2.7379663434140427,115542197827.17635,2000,8.316,461124950480.6787,10,5742450753294.932,25.600613796121486
1747_199_20,-2.7379663434140427,115542197827.17635,2000,8.316,485253581610.4817,10,6042927827595.247,26.940180797081332
1747_199_21,-2.7379663434140427,115542197827.17635,2000,8.316,509382212740.28467,10,6343404901895.564,28.279747798041186
1747_199_22,-2.7379663434140427,115542197827.17635,2000,8.316,533510843870.08765,10,6643881976195.881,29.61931479900103
1747_199_23,-2.7379663434140427,115542197827.17635,2000,8.316,557639474999.8906,10,6944359050496.196,30.958881799960878
1747_199_24,-2.7379663434140427,115542197827.17635,2000,8.316,581768106129.6935,10,7244836124796.512,32.29844880092072
1747_199_25,-2.7379663434140427,115542197827.17635,2000,8.316,605896737259.4965,10,7545313199096.827,33.638015801880556
1747_199_26,-2.7379663434140427,115542197827.17635,2000,8.316,630025368389.2994,10,7845790273397.145,34.977582802840416
1747_199_27,-2.7379663434140427,115542197827.17635,2000,8.316,654153999519.1024,10,8146267347697.461,36.31714980380026
1747_199_28,-2.7379663434140427,115542197827.17635,2000,8.316,678282630648.9054,10,8446744421997.777,37.65671680476011
1747_199_29,-2.7379663434140427,115542197827.17635,2000,8.316,702411261778.7083,10,8747221496298.091,38.99628380571994
1747_199_30,-2.7379663434140427,115542197827.17635,2000,8.316,726539892908.5112,10,9047698570598.408,40.33585080667979
1747_732_1,-2.273565455556154,161875171058.67654,2000,8.226,24550263373.663536,10,305727717526.71405,1.2258322349177297
1747_732_2,-2.273565455556154,161875171058.67654,2000,8.226,46645500409.96072,10,580882663300.7566,2.3290812463436863
1747_732_3,-2.273565455556154,161875171058.67654,2000,8.226,68740737446.2579,10,856037609074.7994,3.4323302577696433
1747_732_4,-2.273565455556154,161875171058.67654,2000,8.226,90835974482.55508,10,1131192554848.842,4.5355792691956
1747_732_5,-2.273565455556154,161875171058.67654,2000,8.226,112931211518.85225,10,1406347500622.885,5.638828280621556
1747_732_6,-2.273565455556154,161875171058.67654,2000,8.226,135026448555.14946,10,1681502446396.9277,6.742077292047513
1747_732_7,-2.273565455556154,161875171058.67654,2000,8.226,157121685591.44662,10,1956657392170.9702,7.845326303473469
1747_732_8,-2.273565455556154,161875171058.67654,2000,8.226,179216922627.7438,10,2231812337945.0127,8.948575314899426
1747_732_9,-2.273565455556154,161875171058.67654,2000,8.226,201312159664.04102,10,2506967283719.056,10.051824326325386
1747_732_10,-2.273565455556154,161875171058.67654,2000,8.226,223407396700.33823,10,2782122229493.099,11.155073337751343
1747_732_11,-2.273565455556154,161875171058.67654,2000,8.226,245502633736.63538,10,3057277175267.1406,12.258322349177298
1747_199_31,-2.249324565670353,115542197827.17635,2000,8.316,533510843870.08765,10,6643881976195.881,37.77441274298154
1747_732_12,-2.529319095381385,161875171058.67654,2000,8.226,112931211518.85225,10,1406347500622.885,4.9648435194475
1747_732_13,-2.529319095381385,161875171058.67654,2000,8.226,201312159664.04102,10,2506967283719.056,8.850373230319459
1747_732_14,-2.529319095381385,161875171058.67654,2000,8.226,245502633736.63538,10,3057277175267.1406,10.793138085755437
1747_732_15,-2.529319095381385,161875171058.67654,2000,8.226,267597870772.9326,10,3332432121041.1846,11.764520513473428
1747_732_16,-2.529319095381385,161875171058.67654,2000,8.226,289693107809.22974,10,3607587066815.2266,12.735902941191416
1747_732_17,-2.529319095381385,161875171058.67654,2000,8.226,311788344845.5269,10,3882742012589.269,13.707285368909405
1747_732_18,-2.529319095381385,161875171058.67654,2000,8.226,333883581881.8241,10,4157896958363.312,14.678667796627392
1747_732_19,-2.529319095381385,161875171058.67654,2000,8.226,355978818918.1213,10,4433051904137.354,15.650050224345382
1747_732_20,-2.529319095381385,161875171058.67654,2000,8.226,378074055954.41846,10,4708206849911.396,16.621432652063373
1747_732_21,-2.529319095381385,161875171058.67654,2000,8.226,400169292990.7157,10,4983361795685.441,17.59281507978136
1747_732_22,-2.529319095381385,161875171058.67654,2000,8.226,422264530027.0129,10,5258516741459.483,18.564197507499355
1747_732_23,-2.529319095381385,161875171058.67654,2000,8.226,444359767063.31,10,5533671687233.525,19.53557993521734
1747_732_24,-2.529319095381385,161875171058.67654,2000,8.226,466455004099.60724,10,5808826633007.568,20.50696236293533
1747_732_25,-2.529319095381385,161875171058.67654,2000,8.226,488550241135.9044,10,6083981578781.61,21.478344790653317
1747_732_26,-2.529319095381385,161875171058.67654,2000,8.226,510645478172.2016,10,6359136524555.653,22.44972721837131
1747_732_27,-2.529319095381385,161875171058.67654,2000,8.226,532740715208.4988,10,6634291470329.696,23.4211096460893
1747_732_28,-2.529319095381385,161875171058.67654,2000,8.226,554835952244.796,10,6909446416103.739,24.39249207380729
1747_732_29,-2.529319095381385,161875171058.67654,2000,8.226,576931189281.0931,10,7184601361877.781,25.363874501525277
1747_732_30,-2.529319095381385,161875171058.67654,2000,8.226,599026426317.3903,10,7459756307651.824,26.335256929243265
1747_732_31,-2.529319095381385,161875171058.67654,2000,8.226,621121663353.6875,10,7734911253425.867,27.306639356961256
1747_732_32,-2.529319095381385,161875171058.67654,2000,8.226,643216900389.9846,10,8010066199199.909,28.27802178467924
1747_732_33,-2.529319095381385,161875171058.67654,2000,8.226,665312137426.2819,10,8285221144973.954,29.24940421239723
1747_902_1,-1.701088360112171,105413809106.49161,2000,7.905,40162991636.31658,10,500155148161.19604,4.09483477581608
1747_902_2,-1.701088360112171,105413809106.49161,2000,7.905,76309684109.00151,10,950294781506.2727,7.780186074050555
1747_902_3,-1.701088360112171,105413809106.49161,2000,7.905,112456376581.68643,10,1400434414851.349,11.465537372285027
1747_902_4,-1.701088360112171,105413809106.49161,2000,7.905,148603069054.37134,10,1850574048196.4253,15.150888670519496
1747_902_5,-1.701088360112171,105413809106.49161,2000,7.905,184749761527.0563,10,2300713681541.5024,18.836239968753972
1747_902_6,-1.701088360112171,105413809106.49161,2000,7.905,220896453999.74118,10,2750853314886.578,22.521591266988437
1747_902_7,-1.701088360112171,105413809106.49161,2000,7.905,257043146472.42615,10,3200992948231.656,26.206942565222917
1747_902_8,-1.701088360112171,105413809106.49161,2000,7.905,293189838945.111,10,3651132581576.731,29.892293863457386
1747_902_9,-1.701088360112171,105413809106.49161,2000,7.905,329336531417.796,10,4101272214921.8086,33.57764516169187
1747_902_10,-1.701088360112171,105413809106.49161,2000,7.905,365483223890.4809,10,4551411848266.884,37.262996459926335
1747_902_11,-1.701088360112171,105413809106.49161,2000,7.905,401629916363.16583,10,5001551481611.962,40.94834775816081
1747_902_12,-1.701088360112171,105413809106.49161,2000,7.905,437776608835.85077,10,5451691114957.038,44.63369905639529
1747_902_13,-1.701088360112171,105413809106.49161,2000,7.905,473923301308.53564,10,5901830748302.114,48.31905035462975
1747_902_14,-1.701088360112171,105413809106.49161,2000,7.905,510069993781.22064,10,6351970381647.191,52.004401652864225
1747_902_15,-1.701088360112171,105413809106.49161,2000,7.905,546216686253.9055,10,6802110014992.267,55.6897529510987
1747_902_16,-1.701088360112171,105413809106.49161,2000,7.905,582363378726.5905,10,7252249648337.344,59.37510424933318
1747_902_17,-1.701088360112171,105413809106.49161,2000,7.905,618510071199.2755,10,7702389281682.421,63.060455547567656
1747_902_18,-1.701088360112171,105413809106.49161,2000,7.905,654656763671.9603,10,8152528915027.496,66.74580684580212
1747_902_19,-1.701088360112171,105413809106.49161,2000,7.905,690803456144.6453,10,8602668548372.572,70.43115814403659
1747_902_20,-1.701088360112171,105413809106.49161,2000,7.905,726950148617.3302,10,9052808181717.65,74.11650944227108
1747_902_21,-1.701088360112171,105413809106.49161,2000,7.905,763096841090.015,10,9502947815062.727,77.80186074050553
1747_902_22,-1.701088360112171,105413809106.49161,2000,7.905,799243533562.7001,10,9953087448407.805,81.48721203874003
1747_902_23,-1.701088360112171,105413809106.49161,2000,7.905,835390226035.3849,10,10403227081752.879,85.17256333697448
1747_902_24,-1.701088360112171,105413809106.49161,2000,7.905,871536918508.0698,10,10853366715097.957,88.85791463520894
1747_902_25,-1.701088360112171,105413809106.49161,2000,7.905,907683610980.7546,10,11303506348443.031,92.54326593344342
1747_902_26,-1.701088360112171,105413809106.49161,2000,7.905,943830303453.4397,10,11753645981788.107,96.22861723167789
1747_902_27,-1.701088360112171,105413809106.49161,2000,7.905,979976995926.1245,10,12203785615133.184,99.91396852991235
1747_902_28,-1.701088360112171,105413809106.49161,2000,7.905,1016123688398.8096,10,12653925248478.262,103.59931982814683
1747_902_29,-1.701088360112171,105413809106.49161,2000,7.905,1052270380871.4943,10,13104064881823.334,107.28467112638128
1747_902_30,-1.701088360112171,105413809106.49161,2000,7.905,1088417073344.1793,10,13554204515168.416,110.97002242461579
1747_1081_1,-1.4519280565815205,54934831458.90157,2000,7.838,18637654290.340824,10,232097236600.819,4.127769406717572
1747_1081_2,-1.4519280565815205,54934831458.90157,2000,7.838,35411543151.64757,10,440984749541.55615,7.842761872763387
1747_1081_3,-1.4519280565815205,54934831458.90157,2000,7.838,52185432012.954315,10,649872262482.2933,11.557754338809204
1747_1081_4,-1.4519280565815205,54934831458.90157,2000,7.838,68959320874.26103,10,858759775423.0302,15.272746804855014
1747_1081_5,-1.4519280565815205,54934831458.90157,2000,7.838,85733209735.56778,10,1067647288363.7675,18.98773927090083
1747_1081_6,-1.4519280565815205,54934831458.90157,2000,7.838,102507098596.87453,10,1276534801304.5044,22.702731736946646
1747_1081_7,-1.4519280565815205,54934831458.90157,2000,7.838,119280987458.18126,10,1485422314245.2417,26.41772420299246
1747_1081_8,-1.4519280565815205,54934831458.90157,2000,7.838,136054876319.488,10,1694309827185.9788,30.132716669038274
1747_1081_9,-1.4519280565815205,54934831458.90157,2000,7.838,152828765180.79474,10,1903197340126.7156,33.84770913508409
1747_1081_10,-1.4519280565815205,54934831458.90157,2000,7.838,169602654042.10147,10,2112084853067.453,37.5627016011299
1747_1081_11,-1.4519280565815205,54934831458.90157,2000,7.838,186376542903.40823,10,2320972366008.19,41.277694067175716
1747_1081_12,-1.4519280565815205,54934831458.90157,2000,7.838,203150431764.715,10,2529859878948.9272,44.992686533221544
1747_1081_13,-1.4519280565815205,54934831458.90157,2000,7.838,219924320626.02173,10,2738747391889.665,48.707678999267344
1747_1081_14,-1.4519280565815205,54934831458.90157,2000,7.838,236698209487.3285,10,2947634904830.4014,52.422671465313165
1747_1081_15,-1.4519280565815205,54934831458.90157,2000,7.838,253472098348.63522,10,3156522417771.1387,56.137663931358986
1747_1081_16,-1.4519280565815205,54934831458.90157,2000,7.838,270245987209.94196,10,3365409930711.876,59.8526563974048
1747_1081_17,-1.4519280565815205,54934831458.90157,2000,7.838,287019876071.2487,10,3574297443652.613,63.56764886345062
1747_1081_18,-1.4519280565815205,54934831458.90157,2000,7.838,303793764932.5554,10,3783184956593.35,67.28264132949643
1747_1081_19,-1.4519280565815205,54934831458.90157,2000,7.838,320567653793.8622,10,3992072469534.087,70.99763379554224
1747_1081_20,-1.4519280565815205,54934831458.90157,2000,7.838,337341542655.1689,10,4200959982474.823,74.71262626158806
1747_1081_21,-1.4519280565815205,54934831458.90157,2000,7.838,354115431516.47565,10,4409847495415.5625,78.42761872763387
1747_1081_22,-1.4519280565815205,54934831458.90157,2000,7.838,370889320377.78235,10,4618735008356.298,82.14261119367967
1747_1081_23,-1.4519280565815205,54934831458.90157,2000,7.838,387663209239.0891,10,4827622521297.034,85.8576036597255
1747_1081_24,-1.4519280565815205,54934831458.90157,2000,7.838,404437098100.3958,10,5036510034237.772,89.5725961257713
1747_1081_25,-1.4519280565815205,54934831458.90157,2000,7.838,421210986961.7026,10,5245397547178.51,93.28758859181713
1747_1081_26,-1.4519280565815205,54934831458.90157,2000,7.838,437984875823.00934,10,5454285060119.247,97.00258105786293
1747_1081_27,-1.4519280565815205,54934831458.90157,2000,7.838,454758764684.3161,10,5663172573059.982,100.71757352390875
1747_1081_28,-1.4519280565815205,54934831458.90157,2000,7.838,471532653545.62286,10,5872060086000.721,104.4325659899546
1747_1081_29,-1.4519280565815205,54934831458.90157,2000,7.838,488306542406.92957,10,6080947598941.459,108.14755845600038
1747_1081_30,-1.4519280565815205,54934831458.90157,2000,7.838,505080431268.23627,10,6289835111882.195,111.86255092204621
1747_817_1,-2.9727536876891625,143056664645.4928,2000,7.556,50112566812.696915,10,624059630118.0623,1.9992301920938282
1747_817_2,-2.9727536876891625,143056664645.4928,2000,7.556,95213876944.12415,10,1185713297224.3184,3.798537364978274
1747_817_3,-2.9727536876891625,143056664645.4928,2000,7.556,140315187075.55136,10,1747366964330.5745,5.597844537862718
1747_817_4,-2.9727536876891625,143056664645.4928,2000,7.556,185416497206.97858,10,2309020631436.8306,7.397151710747165
1747_817_5,-2.9727536876891625,143056664645.4928,2000,7.556,230517807338.40585,10,2870674298543.0874,9.196458883631612
1747_817_6,-2.9727536876891625,143056664645.4928,2000,7.556,275619117469.83307,10,3432327965649.3433,10.995766056516057
1747_817_7,-2.9727536876891625,143056664645.4928,2000,7.556,320720427601.26025,10,3993981632755.5986,12.7950732294005
1747_817_8,-2.9727536876891625,143056664645.4928,2000,7.556,365821737732.68744,10,4555635299861.8545,14.594380402284944
1747_817_9,-2.9727536876891625,143056664645.4928,2000,7.556,410923047864.11475,10,5117288966968.11,16.393687575169395
1747_817_10,-2.9727536876891625,143056664645.4928,2000,7.556,456024357995.54193,10,5678942634074.367,18.192994748053835
1747_817_11,-2.9727536876891625,143056664645.4928,2000,7.556,501125668126.9692,10,6240596301180.623,19.99230192093828
1747_817_12,-2.9727536876891625,143056664645.4928,2000,7.556,546226978258.3964,10,6802249968286.88,21.79160909382273
1747_817_13,-2.9727536876891625,143056664645.4928,2000,7.556,591328288389.8236,10,7363903635393.135,23.590916266707172
1747_817_14,-2.9727536876891625,143056664645.4928,2000,7.556,636429598521.2509,10,7925557302499.392,25.39022343959162
1747_817_15,-2.9727536876891625,143056664645.4928,2000,7.556,681530908652.6781,10,8487210969605.648,27.189530612476066
1747_817_16,-2.9727536876891625,143056664645.4928,2000,7.556,726632218784.1053,10,9048864636711.904,28.988837785360513
1747_817_17,-2.9727536876891625,143056664645.4928,2000,7.556,771733528915.5325,10,9610518303818.16,30.788144958244956
1747_817_18,-2.9727536876891625,143056664645.4928,2000,7.556,816834839046.9596,10,10172171970924.414,32.587452131129396
1747_817_19,-2.9727536876891625,143056664645.4928,2000,7.556,861936149178.3868,10,10733825638030.674,34.386759304013836
1747_817_20,-2.9727536876891625,143056664645.4928,2000,7.556,907037459309.8141,10,11295479305136.926,36.18606647689829
1747_817_21,-2.9727536876891625,143056664645.4928,2000,7.556,952138769441.2413,10,11857132972243.182,37.98537364978274
1747_817_22,-2.9727536876891625,143056664645.4928,2000,7.556,997240079572.6686,10,12418786639349.44,39.784680822667184
1747_817_23,-2.9727536876891625,143056664645.4928,2000,7.556,1042341389704.0958,10,12980440306455.695,41.583987995551624
1747_817_24,-2.9727536876891625,143056664645.4928,2000,7.556,1087442699835.523,10,13542093973561.951,43.383295168436064
1747_817_25,-2.9727536876891625,143056664645.4928,2000,7.556,1132544009966.9502,10,14103747640668.209,45.18260234132052
1747_817_26,-2.9727536876891625,143056664645.4928,2000,7.556,1177645320098.3774,10,14665401307774.463,46.98190951420496
1747_817_27,-2.9727536876891625,143056664645.4928,2000,7.556,1222746630229.8047,10,15227054974880.72,48.781216687089405
1747_817_28,-2.9727536876891625,143056664645.4928,2000,7.556,1267847940361.232,10,15788708641986.975,50.58052385997385
1747_817_29,-2.9727536876891625,143056664645.4928,2000,7.556,1312949250492.6592,10,16350362309093.232,52.37983103285829
1747_817_30,-2.9727536876891625,143056664645.4928,2000,7.556,1358050560624.0864,10,16912015976199.488,54.17913820574275
1747_1425_1,-2.1240334475811715,118034287048.25357,2000,7.553,37952532239.681175,10,472628840108.02136,2.799698036150082
1747_1425_2,-2.1240334475811715,118034287048.25357,2000,7.553,72109811255.39424,10,897994796205.2407,5.319426268685156
1747_1425_3,-2.1240334475811715,118034287048.25357,2000,7.553,106267090271.10728,10,1323360752302.4597,7.839154501220229
1747_1425_4,-2.1240334475811715,118034287048.25357,2000,7.553,140424369286.82034,10,1748726708399.679,10.358882733755301
1747_1425_5,-2.1240334475811715,118034287048.25357,2000,7.553,174581648302.53342,10,2174092664496.899,12.878610966290376
1747_1425_6,-2.1240334475811715,118034287048.25357,2000,7.553,208738927318.2465,10,2599458620594.1177,15.398339198825454
1747_1425_7,-2.1240334475811715,118034287048.25357,2000,7.553,242896206333.9595,10,3024824576691.3364,17.918067431360523
1747_1425_8,-2.1240334475811715,118034287048.25357,2000,7.553,277053485349.67255,10,3450190532788.5557,20.437795663895596
1747_1425_9,-2.1240334475811715,118034287048.25357,2000,7.553,311210764365.3856,10,3875556488885.7754,22.957523896430672
1747_1425_10,-2.1240334475811715,118034287048.25357,2000,7.553,345368043381.0987,10,4300922444982.994,25.477252128965745
1747_1425_11,-2.1240334475811715,118034287048.25357,2000,7.553,379525322396.81177,10,4726288401080.213,27.996980361500814
1747_1425_12,-2.1240334475811715,118034287048.25357,2000,7.553,413682601412.5249,10,5151654357177.434,30.5167085940359
1747_1425_13,-2.1240334475811715,118034287048.25357,2000,7.553,447839880428.23785,10,5577020313274.653,33.03643682657096
1747_1425_14,-2.1240334475811715,118034287048.25357,2000,7.553,481997159443.951,10,6002386269371.872,35.55616505910604
1747_1425_15,-2.1240334475811715,118034287048.25357,2000,7.553,516154438459.664,10,6427752225469.092,38.075893291641115
1747_1425_16,-2.1240334475811715,118034287048.25357,2000,7.553,550311717475.3771,10,6853118181566.312,40.595621524176195
1747_1425_17,-2.1240334475811715,118034287048.25357,2000,7.553,584468996491.0902,10,7278484137663.53,43.11534975671127
1747_1425_18,-2.1240334475811715,118034287048.25357,2000,7.553,618626275506.8032,10,7703850093760.75,45.63507798924634
1747_1425_19,-2.1240334475811715,118034287048.25357,2000,7.553,652783554522.5162,10,8129216049857.969,48.15480622178141
1747_1425_20,-2.1240334475811715,118034287048.25357,2000,7.553,686940833538.2294,10,8554582005955.188,50.674534454316486
1747_1425_21,-2.1240334475811715,118034287048.25357,2000,7.553,721098112553.9424,10,8979947962052.406,53.19426268685156
1747_1425_22,-2.1240334475811715,118034287048.25357,2000,7.553,755255391569.6554,10,9405313918149.623,55.71399091938663
1747_1425_23,-2.1240334475811715,118034287048.25357,2000,7.553,789412670585.3685,10,9830679874246.848,58.233719151921704
1747_1425_24,-2.1240334475811715,118034287048.25357,2000,7.553,823569949601.0814,10,10256045830344.062,60.75344738445677
1747_1425_25,-2.1240334475811715,118034287048.25357,2000,7.553,857727228616.7944,10,10681411786441.281,63.273175616991836
1747_1425_26,-2.1240334475811715,118034287048.25357,2000,7.553,891884507632.5077,10,11106777742538.502,65.79290384952692
1747_1425_27,-2.1240334475811715,118034287048.25357,2000,7.553,926041786648.2207,10,11532143698635.723,68.312632082062
1747_1425_28,-2.1240334475811715,118034287048.25357,2000,7.553,960199065663.9338,10,11957509654732.945,70.83236031459708
1747_1425_29,-2.1240334475811715,118034287048.25357,2000,7.553,994356344679.6467,10,12382875610830.158,73.35208854713214
1747_1425_30,-2.1240334475811715,118034287048.25357,2000,7.553,1028513623695.3599,10,12808241566927.379,75.87181677966723
1747_138_1,-2.539515211647146,124261463492.02216,2000,7.179,27370858700.86391,10,340864026431.5758,1.5596237500100374
1747_138_2,-2.539515211647146,124261463492.02216,2000,7.179,52004631531.64143,10,647641650219.9941,2.963285125019071
1747_138_3,-2.539515211647146,124261463492.02216,2000,7.179,76638404362.41896,10,954419274008.4126,4.366946500028106
1747_138_4,-2.539515211647146,124261463492.02216,2000,7.179,101272177193.19649,10,1261196897796.831,5.77060787503714
1747_138_5,-2.539515211647146,124261463492.02216,2000,7.179,125905950023.97401,10,1567974521585.249,7.174269250046173
1747_138_6,-2.539515211647146,124261463492.02216,2000,7.179,150539722854.75153,10,1874752145373.6675,8.577930625055206
1747_138_7,-2.539515211647146,124261463492.02216,2000,7.179,175173495685.52905,10,2181529769162.0857,9.98159200006424
1747_138_8,-2.539515211647146,124261463492.02216,2000,7.179,199807268516.30652,10,2488307392950.5034,11.385253375073273
1747_138_9,-2.539515211647146,124261463492.02216,2000,7.179,224441041347.0841,10,2795085016738.9224,12.788914750082306
1747_138_10,-2.539515211647146,124261463492.02216,2000,7.179,249074814177.8616,10,3101862640527.34,14.192576125091339
1747_138_11,-2.539515211647146,124261463492.02216,2000,7.179,273708587008.63913,10,3408640264315.759,15.596237500100376
1747_138_12,-2.539515211647146,124261463492.02216,2000,7.179,298342359839.4167,10,3715417888104.1772,16.99989887510941
1747_138_13,-2.539515211647146,124261463492.02216,2000,7.179,322976132670.19415,10,4022195511892.5947,18.403560250118442
1747_138_14,-2.539515211647146,124261463492.02216,2000,7.179,347609905500.9717,10,4328973135681.013,19.807221625127475
1747_138_15,-2.539515211647146,124261463492.02216,2000,7.179,372243678331.74915,10,4635750759469.432,21.210883000136505
1747_138_16,-2.539515211647146,124261463492.02216,2000,7.179,396877451162.52673,10,4942528383257.85,22.61454437514554
1747_138_17,-2.539515211647146,124261463492.02216,2000,7.179,421511223993.30426,10,5249306007046.269,24.01820575015458
1747_138_18,-2.539515211647146,124261463492.02216,2000,7.179,446144996824.0818,10,5556083630834.687,25.42186712516361
1747_138_19,-2.539515211647146,124261463492.02216,2000,7.179,470778769654.8593,10,5862861254623.105,26.825528500172645
1747_138_20,-2.539515211647146,124261463492.02216,2000,7.179,495412542485.63684,10,6169638878411.523,28.229189875181678
1747_138_21,-2.539515211647146,124261463492.02216,2000,7.179,520046315316.41437,10,6476416502199.941,29.63285125019071
1747_138_22,-2.539515211647146,124261463492.02216,2000,7.179,544680088147.1919,10,6783194125988.36,31.036512625199748
1747_138_23,-2.539515211647146,124261463492.02216,2000,7.179,569313860977.9695,10,7089971749776.778,32.440174000208785
1747_138_24,-2.539515211647146,124261463492.02216,2000,7.179,593947633808.7468,10,7396749373565.194,33.84383537521781
1747_138_25,-2.539515211647146,124261463492.02216,2000,7.179,618581406639.5244,10,7703526997353.613,35.247496750226844
1747_138_26,-2.539515211647146,124261463492.02216,2000,7.179,643215179470.302,10,8010304621142.033,36.65115812523588
1747_138_27,-2.539515211647146,124261463492.02216,2000,7.179,667848952301.0795,10,8317082244930.45,38.05481950024492
1747_138_28,-2.539515211647146,124261463492.02216,2000,7.179,692482725131.857,10,8623859868718.87,39.45848087525395
1747_138_29,-2.539515211647146,124261463492.02216,2000,7.179,717116497962.6344,10,8930637492507.287,40.86214225026298
1747_138_30,-2.539515211647146,124261463492.02216,2000,7.179,741750270793.4119,10,9237415116295.701,42.265803625272